<?xml version="1.0" encoding="UTF-8"?>
<project-private xmlns="http://www.netbeans.org/ns/project-private/1">
    <editor-bookmarks xmlns="http://www.netbeans.org/ns/editor-bookmarks/1">
        <file>
            <url>src/interfaz/panel/PanelArmaTuJuego.java</url>
            <line>225</line>
        </file>
    </editor-bookmarks>
    <editor-bookmarks xmlns="http://www.netbeans.org/ns/editor-bookmarks/2" lastBookmarkId="0">
        <file>
            <url>src/interfaz/panel/PanelArmaTuJuego.java</url>
            <bookmark id="0">
                <name/>
                <line>225</line>
                <key/>
            </bookmark>
        </file>
    </editor-bookmarks>
    <open-files xmlns="http://www.netbeans.org/ns/projectui-open-files/2">
        <group>
            <file>file:/E:/IS2/viajenda/src/traveller/interfaz/ventana/VentanaInicio.java</file>
            <file>file:/E:/IS2/viajenda/src/traveller/interfaz/ventana/VentanaDeveloper.java</file>
            <file>file:/E:/IS2/viajenda/src/traveller/interfaz/ventana/VentanaAcerca.java</file>
            <file>file:/E:/IS2/viajenda/src/traveller/interfaz/ventana/VentanaMenu.java</file>
            <file>file:/E:/IS2/viajenda/test/dominio/NewEmptyJUnitTest.java</file>
            <file>file:/E:/IS2/viajenda/test/dominio/ComentarioTest.java</file>
            <file>file:/E:/IS2/viajenda/src/traveller/principal/Inicio.java</file>
            <file>file:/E:/IS2/viajenda/src/traveller/interfaz/ventana/VentanaLogin.java</file>
            <file>file:/E:/IS2/viajenda/src/traveller/interfaz/panel/PanelVerViaje.java</file>
            <file>file:/E:/IS2/viajenda/src/traveller/interfaz/panel/PanelNuevoEvento.java</file>
            <file>file:/E:/IS2/viajenda/nbproject/build-impl.xml</file>
        </group>
    </open-files>
</project-private>
